"1, No post"
"2, No post"
"3, No post"
"4, No post"
"5, No post"
"6, No post"
"7, View obscured"
"8, View obscured"
"9, View obscured"
"10, View obscured"
"11, Post in 2"
"12, Post in 2"
"13, Post in 2"
"14, Post in 2"
"15, View obscured"
"16, View obscured"
"17, View obscured"
"18, Post in 1 2"
"19, Post in 1 2"
"20, Post in 1 2"
"21, Post in 1 2"
"22, View obscured"
"23, View obscured"
"24, View obscured"
"25, View obscured"
"26, View obscured"
"27, Post in 1 2 3"
"28, Post in 1 2 3"
"29, View obscured"
"30, View obscured"
"31, View obscured"
"32, View obscured"
"33, Post in 1 2 3 4"
"34, Post in 1 2 3 4"
"35, View obscured"
"36, View obscured"
"37, View obscured"
"38, View obscured"
"39, Post in 1 2 3 4 6"
"40, Post in 1 2 3 4 6"
"41, Post in 1 2 3 4 6"
"42, Post in 1 2 3 4 6"
"43, Post in 1 2 3 4 6"
"44, View obscured"
"45, View obscured"
"46, View obscured"
"47, View obscured"
"48, Post in 1 2 3 4 5 6"
"49, Post in 1 2 3 4 5 6"
"50, Post in 1 2 3 4 5 6"
"51, View obscured"
"52, View obscured"
"53, View obscured"
"54, View obscured"
"55, Post in 1 2 3 4 5 6"
"56, View obscured"
"57, View obscured"
"58, View obscured"
"59, View obscured"
"60, Post in 1 2 3 4 5"
"61, Post in 1 2 3 4 5"
"62, View obscured"
"63, View obscured"
"64, View obscured"
"65, Post in 2 3 4 5"
"66, Post in 2 3 4 5"
"67, View obscured"
"68, View obscured"
"69, View obscured"
"70, View obscured"
"71, View obscured"
"72, View obscured"
"73, View obscured"
"74, View obscured"
"75, Post in 3 4"
"76, Post in 3 4"
"77, View obscured"
"78, View obscured"
"79, View obscured"
"80, View obscured"
"81, Post in 4"
"82, Post in 4"
"83, View obscured"
"84, View obscured"
"85, View obscured"
"86, View obscured"
"87, View obscured"
"88, Post in 4"
"89, Post in 4"
"90, View obscured"
"91, View obscured"
"92, View obscured"
"93, View obscured"
"94, No post"
"95, No post"
